freq_MHz,pri_us,pw_us,doa_deg,amp_dB,toa_us,Emitter_ID
8999.48,1982.15,9.98,90.16,-60.52,845.08,1
8999.44,2000.4,10.1,90.09,-59.72,2827.23,1
9000.93,2024.91,10.03,90.0,-60.16,4827.63,1
8999.96,1991.97,10.01,89.75,-59.82,6852.54,1
9000.82,2008.2,9.99,90.19,-59.89,8844.51,1
8999.27,1997.9,9.94,90.03,-58.67,10852.71,1
8999.41,2071.99,9.97,89.97,-60.1,12850.61,1
8999.58,2004.95,9.89,89.77,-59.46,14922.59,1
8999.79,2015.03,9.99,89.8,-60.08,16927.54,1
9001.05,2010.63,9.95,89.77,-59.91,18942.57,1
9000.86,2003.99,9.95,89.94,-59.65,20953.2,1
8999.36,2007.62,10.02,90.01,-59.43,22957.19,1
9000.05,2003.2,10.08,90.09,-60.16,24964.82,1
9000.31,2007.0,9.98,89.98,-59.94,26968.02,1
9000.98,1990.84,9.95,89.98,-60.0,28975.01,1
9000.1,1990.85,10.01,90.18,-59.94,30965.86,1
9000.05,2002.05,10.03,89.8,-59.57,32956.71,1
8999.37,2033.91,10.04,90.0,-60.11,34958.76,1
8999.8,2004.23,9.95,90.04,-59.58,36992.67,1
9000.11,1982.12,10.03,89.86,-60.44,38996.89,1
9000.07,2014.46,10.09,89.8,-60.53,40979.02,1
9000.0,1980.73,9.86,90.17,-60.11,42993.47,1
8999.99,2012.48,10.02,90.01,-60.51,44974.2,1
8999.24,1989.76,10.0,89.74,-60.0,46986.68,1
8999.46,2005.82,10.04,89.95,-60.1,48976.45,1
9000.47,1984.56,10.09,90.21,-60.67,50982.27,1
9000.27,2048.2,9.94,90.25,-61.17,52966.82,1
8999.26,2012.32,10.06,90.05,-59.81,55015.03,1
9000.2,2016.75,10.03,90.36,-60.61,57027.34,1
9000.03,2010.37,10.04,90.21,-59.42,59044.09,1
9000.07,2001.35,10.02,89.78,-59.45,61054.46,1
9000.32,1982.27,10.09,89.92,-59.82,63055.81,1
9000.21,2000.18,9.99,89.8,-60.9,65038.08,1
8999.93,1966.23,9.97,89.84,-60.25,67038.26,1
9000.39,1982.4,10.0,89.98,-60.18,69004.5,1
9000.8,2003.59,10.02,90.13,-60.38,70986.89,1
9000.29,2009.75,9.94,90.29,-60.29,72990.49,1
8999.66,2031.4,9.97,89.96,-59.93,75000.24,1
8999.58,1983.39,9.96,90.18,-59.93,77031.64,1
9000.04,1999.33,10.06,89.89,-59.98,79015.03,1
9000.71,1991.71,10.03,90.05,-59.2,81014.36,1
9000.64,1982.74,10.07,89.89,-60.41,83006.07,1
8999.27,2005.37,10.03,89.71,-59.62,84988.81,1
9000.19,2008.24,10.03,89.5,-60.39,86994.18,1
9000.35,1997.08,10.01,90.05,-60.05,89002.42,1
9000.37,1962.86,10.06,90.33,-60.09,90999.5,1
8999.77,1986.37,9.99,89.95,-59.75,92962.36,1
9000.29,1992.26,10.0,90.07,-58.88,94948.73,1
9000.22,1970.55,10.07,89.86,-59.47,96940.98,1
9000.52,2006.6,10.0,89.9,-59.35,98911.53,1
8999.64,2004.15,10.03,89.97,-59.52,100918.13,1
8999.58,2050.57,9.95,90.16,-59.97,102922.28,1
9000.58,1988.66,9.91,90.17,-60.3,104972.85,1
9000.32,2013.4,10.04,89.84,-59.33,106961.51,1
8999.4,2007.41,9.95,90.24,-60.63,108974.91,1
9000.13,2000.57,10.0,90.24,-60.05,110982.32,1
8999.24,1968.88,9.95,90.36,-59.86,112982.89,1
9000.43,2011.85,10.0,90.1,-60.67,114951.77,1
9001.01,1995.2,9.97,90.12,-60.12,116963.62,1
9000.06,2018.2,10.0,90.05,-60.12,118958.82,1
9000.61,1988.43,9.95,90.12,-59.83,120977.02,1
9000.28,2010.03,9.96,89.92,-60.76,122965.44,1
8999.43,2008.65,10.04,90.0,-59.91,124975.48,1
8999.84,2019.61,9.91,90.37,-60.6,126984.13,1
8999.37,2010.62,10.04,89.65,-60.96,129003.74,1
9000.63,1980.54,9.95,89.81,-60.26,131014.36,1
9000.26,1976.36,9.9,89.77,-59.42,132994.9,1
8999.62,2016.6,10.0,90.17,-59.44,134971.26,1
8999.77,2020.44,10.01,90.06,-60.3,136987.85,1
8999.35,2016.68,10.04,89.62,-59.94,139008.29,1
9000.58,2008.74,10.0,89.89,-60.09,141024.97,1
8999.83,2015.38,9.97,89.97,-60.14,143033.71,1
8999.95,1987.64,9.99,89.82,-59.83,145049.09,1
8999.92,2038.62,10.0,89.79,-60.47,147036.74,1
8999.37,2032.54,10.05,90.04,-60.64,149075.36,1
9000.61,1999.19,9.98,89.62,-58.88,151107.9,1
9001.32,2001.2,10.06,89.85,-60.6,153107.09,1
8999.46,1997.98,10.02,89.66,-59.47,155108.29,1
9000.08,2017.9,10.05,89.91,-60.22,157106.27,1
8999.95,2003.72,10.07,89.84,-60.61,159124.17,1
9000.18,2003.4,9.94,89.67,-59.57,161127.89,1
9001.01,2017.42,10.14,90.18,-59.81,163131.29,1
8999.86,1999.13,9.95,90.04,-60.72,165148.71,1
8999.98,1978.48,9.96,89.78,-59.98,167147.84,1
9000.18,1978.76,10.01,89.77,-60.58,169126.32,1
8998.82,1996.79,10.07,90.06,-59.3,171105.08,1
8999.0,2016.88,10.01,90.24,-60.2,173101.88,1
9000.31,2039.23,9.93,89.77,-60.66,175118.75,1
8999.86,2031.76,9.97,90.08,-60.3,177157.98,1
9000.42,1955.26,10.05,89.98,-60.33,179189.75,1
9000.71,1995.67,9.92,89.99,-60.74,181145.01,1
8999.83,2001.19,9.98,90.0,-59.38,183140.68,1
8999.12,2016.33,10.1,90.05,-59.92,185141.87,1
8999.61,1995.15,10.03,90.09,-59.43,187158.2,1
9000.91,2001.97,9.94,90.25,-60.55,189153.35,1
9000.5,1967.11,9.99,89.85,-60.09,191155.32,1
8999.29,1984.53,9.95,90.17,-60.69,193122.43,1
9000.14,1990.72,9.9,90.1,-60.15,195106.96,1
8999.63,1977.0,9.99,89.6,-59.83,197097.68,1
9000.68,1975.02,9.98,90.03,-59.41,199074.68,1
9001.07,2035.12,9.96,90.17,-59.27,201049.69,1
8999.78,1987.86,9.97,90.27,-58.59,203084.81,1
8999.9,1997.67,10.04,89.81,-59.6,205072.67,1
9000.15,1988.95,10.01,90.2,-60.02,207070.35,1
8999.87,2002.37,9.91,89.84,-59.84,209059.29,1
8999.24,2022.58,10.0,89.84,-61.04,211061.66,1
9000.0,2000.69,9.98,89.89,-61.68,213084.24,1
9000.54,2028.05,9.97,89.68,-59.06,215084.94,1
8999.59,2017.83,10.04,89.78,-60.0,217112.99,1
8999.44,1985.49,9.95,89.98,-59.93,219130.82,1
8999.42,1992.9,9.87,90.14,-59.83,221116.3,1
8999.54,1984.27,10.01,90.15,-59.95,223109.2,1
8999.61,1986.79,9.99,89.95,-60.53,225093.48,1
8999.48,2008.35,9.95,90.29,-59.87,227080.27,1
9000.21,2003.52,9.93,90.22,-59.31,229088.62,1
8999.92,1992.32,9.96,90.16,-59.11,231092.13,1
8999.62,2021.99,10.07,89.93,-60.01,233084.45,1
8999.5,2014.15,9.98,90.0,-60.23,235106.44,1
8999.59,2030.57,10.05,89.83,-59.96,237120.59,1
8999.6,1983.17,9.94,89.87,-59.84,239151.15,1
9001.03,2002.16,10.08,89.94,-59.09,241134.33,1
9000.02,1983.72,9.96,89.67,-59.88,243136.49,1
9000.42,2003.35,10.03,90.13,-60.09,245120.21,1
9000.12,2010.14,10.05,89.86,-60.63,247123.55,1
9001.16,2004.15,9.91,89.99,-60.86,249133.7,1
8999.74,1983.87,10.09,90.16,-60.18,251137.84,1
9000.13,1994.1,9.94,89.53,-59.62,253121.72,1
9000.44,2003.03,10.03,89.75,-60.0,255115.82,1
9000.2,2016.98,9.98,90.06,-59.67,257118.84,1
9000.23,1982.81,10.06,90.17,-59.85,259135.82,1
8999.81,2019.65,9.98,90.35,-60.45,261118.63,1
8998.81,2059.8,10.04,90.07,-60.16,263138.28,1
9000.35,1993.35,10.1,90.55,-59.26,265198.07,1
8999.39,2004.31,9.93,89.93,-60.55,267191.43,1
8999.85,2007.4,9.99,90.06,-59.6,269195.73,1
9000.82,2016.58,9.94,89.98,-60.07,271203.13,1
9000.22,2021.51,10.01,89.77,-59.71,273219.71,1
8999.77,1961.76,10.02,89.74,-59.58,275241.21,1
9000.08,1997.95,10.08,90.18,-60.45,277202.97,1
9000.57,1996.1,10.01,89.78,-59.46,279200.92,1
9500.56,2500.27,9.99,90.1,-59.73,1508.96,2
9500.0,2521.97,9.97,89.78,-59.64,4009.24,2
9500.26,2491.8,9.93,89.99,-59.87,6531.2,2
9499.23,2447.16,9.99,90.06,-59.19,9023.01,2
9499.67,2527.05,10.05,90.14,-59.36,11470.17,2
9500.44,2518.28,9.98,89.9,-60.82,13997.21,2
9500.55,2490.47,9.99,89.89,-60.58,16515.49,2
9500.0,2512.31,9.98,90.17,-60.26,19005.96,2
9500.16,2511.22,10.08,89.99,-60.25,21518.28,2
9500.28,2478.21,10.01,90.56,-59.99,24029.5,2
9500.05,2528.92,10.04,89.69,-60.58,26507.71,2
9500.12,2531.43,10.01,89.94,-59.96,29036.63,2
9499.34,2475.99,9.92,89.89,-60.55,31568.06,2
9500.39,2488.87,10.01,90.1,-59.93,34044.05,2
9499.48,2526.48,9.93,90.0,-60.22,36532.92,2
9500.38,2534.48,10.04,89.83,-59.29,39059.4,2
9500.6,2525.47,9.88,90.12,-60.11,41593.89,2
9499.74,2472.85,10.11,90.03,-59.94,44119.35,2
9499.35,2484.69,9.96,90.1,-59.46,46592.21,2
9499.71,2514.01,9.99,90.05,-59.88,49076.9,2
9499.5,2531.76,9.98,89.87,-60.29,51590.91,2
9500.61,2485.68,10.05,89.76,-60.12,54122.67,2
9499.83,2499.18,9.99,89.94,-60.07,56608.35,2
9499.61,2500.27,10.03,90.26,-60.73,59107.53,2
9498.15,2501.88,10.02,89.57,-60.3,61607.8,2
9499.95,2504.24,9.94,90.19,-60.42,64109.68,2
9500.06,2462.28,10.02,89.85,-60.47,66613.92,2
9500.1,2502.61,9.98,89.95,-60.25,69076.2,2
9499.61,2527.23,9.92,89.71,-60.12,71578.82,2
9500.47,2493.94,9.95,89.54,-59.66,74106.04,2
9500.14,2528.78,10.01,89.75,-60.25,76599.98,2
9500.54,2523.19,9.97,90.24,-60.31,79128.77,2
9500.27,2455.34,9.99,90.05,-60.12,81651.95,2
9500.0,2487.18,10.01,90.68,-60.22,84107.29,2
9500.06,2499.63,10.09,89.98,-60.68,86594.47,2
9499.53,2515.88,9.98,90.1,-59.71,89094.1,2
9500.39,2513.11,9.99,90.2,-60.7,91609.98,2
9500.7,2476.55,10.04,90.04,-60.59,94123.09,2
9500.2,2489.34,10.0,89.98,-59.58,96599.64,2
9499.66,2469.41,9.98,89.92,-60.59,99088.99,2
9499.73,2543.52,10.04,89.85,-60.55,101558.39,2
9500.28,2504.58,10.02,90.09,-60.1,104101.91,2
9499.92,2514.08,10.04,89.9,-59.2,106606.5,2
9499.99,2469.53,10.09,90.34,-60.99,109120.58,2
9500.05,2510.46,9.99,90.12,-59.98,111590.11,2
9499.18,2483.7,9.96,90.0,-59.78,114100.57,2
9500.31,2504.12,10.05,90.01,-60.37,116584.26,2
9500.55,2522.73,9.93,89.98,-60.51,119088.38,2
9499.88,2498.36,10.04,90.07,-59.86,121611.12,2
9500.34,2526.85,9.85,89.82,-60.19,124109.48,2
9500.24,2488.45,10.0,89.88,-59.57,126636.33,2
9500.18,2538.85,10.04,89.94,-60.79,129124.78,2
9500.18,2513.82,9.99,90.01,-60.32,131663.63,2
9499.46,2527.49,10.09,89.95,-59.8,134177.45,2
9500.47,2519.3,9.99,89.88,-60.02,136704.94,2
9500.08,2507.47,9.96,89.73,-60.54,139224.24,2
9500.21,2499.71,10.0,89.82,-59.77,141731.71,2
9499.46,2506.03,9.91,90.49,-60.13,144231.42,2
9499.33,2489.26,9.89,90.39,-60.12,146737.45,2
9500.23,2484.66,10.11,90.09,-60.87,149226.71,2
9499.33,2510.69,10.06,90.02,-60.71,151711.36,2
9500.51,2519.61,10.04,90.15,-60.59,154222.06,2
9499.91,2526.75,10.02,90.06,-60.41,156741.67,2
9500.41,2487.34,10.01,90.11,-60.67,159268.42,2
9499.97,2522.85,10.03,89.83,-60.2,161755.77,2
9499.46,2487.31,10.04,89.79,-60.88,164278.62,2
9500.43,2533.22,9.95,90.28,-60.52,166765.93,2
9499.94,2477.64,10.05,90.15,-59.75,169299.16,2
9499.58,2509.37,10.06,90.18,-59.68,171776.79,2
9500.7,2510.69,9.97,89.78,-59.56,174286.16,2
9499.89,2514.7,9.84,90.06,-59.87,176796.85,2
9499.43,2508.15,10.01,90.24,-59.98,179311.56,2
9500.44,2516.0,9.95,90.24,-60.01,181819.7,2
9499.89,2538.86,10.03,89.79,-59.15,184335.7,2
9499.92,2498.5,10.03,89.68,-60.37,186874.56,2
9500.19,2490.84,9.98,90.02,-60.35,189373.06,2
9499.46,2495.15,9.96,90.07,-60.3,191863.89,2
9500.33,2492.35,10.05,89.7,-60.49,194359.04,2
9499.33,2473.11,9.93,89.69,-58.99,196851.39,2
9500.47,2499.37,10.01,90.07,-60.45,199324.5,2
9500.55,2538.84,9.93,90.27,-59.55,201823.87,2
9499.81,2492.59,9.9,89.49,-59.61,204362.72,2
9500.48,2464.56,10.07,90.2,-59.8,206855.31,2
9499.59,2466.66,9.91,90.13,-59.45,209319.87,2
9500.35,2507.29,10.03,90.07,-60.15,211786.53,2
9499.57,2491.43,10.15,89.61,-59.98,214293.82,2
9499.8,2473.56,10.01,89.96,-60.44,216785.25,2
9499.63,2504.93,9.97,90.39,-59.82,219258.81,2
9499.42,2518.1,9.88,90.05,-60.12,221763.74,2
9499.63,2455.32,10.0,89.97,-59.23,224281.84,2
9500.28,2528.17,10.12,89.81,-60.53,226737.15,2
9499.85,2515.39,9.88,90.03,-59.67,229265.32,2
9499.73,2510.64,10.04,90.0,-59.49,231780.71,2
9500.16,2507.21,10.06,90.13,-59.81,234291.35,2
9500.45,2548.96,9.97,90.49,-59.19,236798.56,2
9499.74,2494.58,9.98,89.63,-59.67,239347.52,2
9499.75,2493.16,9.98,89.9,-60.19,241842.1,2
9500.39,2513.46,10.09,89.78,-59.61,244335.26,2
9499.91,2493.09,10.01,90.04,-59.45,246848.72,2
9500.09,2500.25,10.04,89.71,-60.28,249341.81,2
9499.65,2479.65,10.05,90.25,-60.38,251842.06,2
9499.86,2468.87,10.02,89.83,-59.56,254321.71,2
9500.03,2507.96,10.0,90.18,-60.23,256790.59,2
9499.87,2484.86,9.91,90.04,-60.88,259298.55,2
9499.96,2522.19,10.06,90.19,-60.12,261783.41,2
9499.72,2496.25,9.99,89.74,-59.21,264305.59,2
9500.03,2482.6,9.99,90.01,-60.17,266801.84,2
9500.67,2547.55,10.03,89.97,-60.49,269284.44,2
9500.13,2489.83,9.99,90.15,-60.04,271831.99,2
9500.27,2484.75,10.03,89.7,-59.14,274321.82,2
9499.78,2487.17,10.0,90.27,-60.91,276806.57,2
9500.02,2507.45,10.01,90.14,-60.26,279293.73,2
9500.0,2447.88,9.99,90.14,-60.14,281801.19,2
9501.35,2509.44,10.11,89.88,-60.34,284249.07,2
9499.88,2510.63,9.97,90.0,-60.81,286758.51,2
9499.43,2527.9,10.03,90.09,-60.38,289269.14,2
9499.73,2498.7,10.0,90.17,-60.17,291797.04,2
9499.44,2513.42,10.02,89.84,-60.7,294295.73,2
9499.45,2490.84,10.0,90.19,-60.46,296809.16,2
9500.53,2530.86,9.86,90.03,-59.03,299300.0,2
9499.79,2504.66,10.1,89.95,-60.2,301830.86,2
9500.77,2516.57,10.11,89.97,-59.45,304335.51,2
9499.86,2479.39,9.93,90.13,-59.83,306852.09,2
9500.37,2496.91,10.1,89.71,-60.68,309331.47,2
9499.59,2500.15,9.95,89.85,-59.33,311828.38,2
9499.54,2526.38,10.01,89.99,-59.61,314328.53,2
9500.14,2464.16,9.99,90.39,-60.52,316854.91,2
9500.65,2483.65,9.99,90.43,-60.08,319319.07,2
9500.2,2489.3,10.01,89.99,-60.77,321802.72,2
9499.46,2453.81,10.1,89.85,-60.01,324292.03,2
9499.15,2494.47,9.99,89.81,-59.62,326745.84,2
9499.73,2476.89,9.99,89.84,-61.0,329240.31,2
9500.31,2469.36,10.05,90.19,-59.56,331717.19,2
9500.0,2497.64,10.02,90.25,-59.34,334186.56,2
9499.17,2478.14,9.95,89.86,-59.64,336684.2,2
9499.9,2542.7,10.06,89.86,-59.31,339162.34,2
9498.61,2490.11,9.93,90.23,-60.97,341705.04,2
9499.55,2479.84,9.98,89.97,-59.18,344195.15,2
9500.48,2492.12,9.92,90.0,-60.59,346674.99,2
9500.05,2513.57,10.03,89.85,-59.55,349167.1,2
10000.1,3007.16,9.92,89.89,-59.6,2314.71,3
9999.98,2985.8,10.01,89.8,-59.71,5321.87,3
10000.13,2986.53,10.07,89.8,-60.56,8307.68,3
9999.82,2972.23,9.99,90.02,-60.26,11294.21,3
10000.5,3002.14,10.01,89.97,-60.53,14266.44,3
9999.79,3020.45,9.96,90.06,-60.43,17268.58,3
10000.99,2994.72,10.01,90.1,-59.53,20289.03,3
10000.26,2997.14,10.0,90.1,-60.38,23283.75,3
10000.23,3021.51,9.98,90.23,-59.58,26280.89,3
9999.39,2991.09,10.06,90.11,-60.32,29302.41,3
10000.0,3009.93,10.0,89.8,-59.63,32293.5,3
9999.54,3043.94,10.11,90.34,-60.0,35303.43,3
9999.61,2984.05,10.07,90.32,-59.6,38347.36,3
10000.23,2969.62,10.01,89.97,-59.4,41331.41,3
9999.86,3014.52,9.97,90.01,-59.85,44301.04,3
9999.75,3029.42,10.03,90.0,-60.18,47315.55,3
9999.86,2980.84,9.92,89.88,-60.24,50344.98,3
10000.06,3013.22,9.96,89.81,-59.81,53325.82,3
9999.94,2981.93,10.04,89.98,-59.94,56339.04,3
9999.69,2990.13,10.09,90.1,-60.25,59320.96,3
9999.77,3024.12,10.0,89.6,-58.73,62311.1,3
10000.16,2986.45,9.95,89.98,-60.01,65335.22,3
10000.54,3002.74,9.97,89.95,-59.83,68321.68,3
9999.44,2992.54,10.01,90.07,-59.96,71324.41,3
9999.74,3009.53,10.01,90.01,-59.94,74316.96,3
10001.09,3033.3,10.01,89.94,-60.4,77326.49,3
10000.81,2983.11,9.99,90.07,-60.11,80359.79,3
9999.78,3005.31,9.98,89.86,-59.34,83342.9,3
10000.49,2982.45,9.96,89.66,-60.35,86348.21,3
10000.22,2965.08,9.98,90.15,-59.62,89330.65,3
9999.28,3009.32,10.06,90.1,-60.32,92295.73,3
9999.43,3011.57,10.01,90.12,-59.67,95305.05,3
9999.32,3004.1,10.07,90.19,-61.09,98316.62,3
10000.8,2955.46,9.97,89.82,-59.74,101320.72,3
10000.68,3031.77,9.93,90.15,-60.37,104276.18,3
10000.37,3066.55,9.96,89.82,-59.27,107307.94,3
10000.25,3026.77,9.85,90.28,-59.54,110374.5,3
10000.55,3061.6,10.05,90.25,-60.27,113401.27,3
9999.7,3002.47,10.04,90.27,-59.78,116462.87,3
10001.24,2965.88,9.98,89.91,-59.84,119465.34,3
10000.03,2992.59,10.04,90.06,-60.59,122431.22,3
10000.09,2973.87,10.1,89.97,-60.09,125423.81,3
9999.49,2995.1,10.12,90.1,-60.13,128397.68,3
10000.48,2994.56,9.98,89.95,-59.76,131392.78,3
9999.83,3028.2,10.0,89.98,-59.39,134387.34,3
9999.34,2897.23,9.91,90.05,-60.83,137415.53,3
9999.51,2940.78,9.99,90.09,-60.54,140312.76,3
10000.22,3016.32,9.87,89.98,-59.98,143253.53,3
9999.39,2935.88,9.99,89.48,-59.47,146269.86,3
9999.58,3003.95,10.06,90.39,-60.16,149205.73,3
9999.1,2939.49,10.05,90.09,-61.17,152209.68,3
9999.85,2972.97,9.98,89.94,-60.64,155149.17,3
10000.01,2987.51,9.97,90.33,-59.87,158122.14,3
9999.87,3024.6,9.95,90.09,-60.67,161109.66,3
9999.88,3033.88,10.07,90.16,-59.58,164134.26,3
9998.29,3013.34,10.04,90.0,-60.64,167168.14,3
9999.48,3030.83,9.95,89.91,-60.4,170181.48,3
10001.12,3030.14,10.08,89.75,-60.91,173212.3,3
10000.67,2947.2,9.97,89.81,-58.97,176242.44,3
9999.09,3001.42,9.91,89.82,-59.38,179189.64,3
9999.54,3027.68,10.05,89.99,-60.07,182191.06,3
10000.22,3011.45,10.05,89.99,-59.5,185218.74,3
9999.76,3024.35,9.99,90.11,-59.94,188230.19,3
10000.49,3007.83,9.97,90.31,-59.1,191254.54,3
9999.49,2972.65,9.96,90.37,-59.58,194262.37,3
9999.75,3005.08,9.96,90.16,-59.15,197235.01,3
9999.59,2936.93,10.05,90.17,-60.29,200240.09,3
10000.15,2944.97,9.96,89.86,-60.18,203177.02,3
10000.06,3012.04,10.09,90.3,-59.76,206121.99,3
9999.76,3034.96,9.98,89.81,-60.46,209134.03,3
9998.68,3025.62,9.94,89.97,-59.3,212168.99,3
9999.22,2966.47,10.01,90.12,-60.94,215194.61,3
9999.24,2977.83,10.01,90.16,-59.77,218161.08,3
9999.35,2990.75,10.05,90.06,-60.15,221138.91,3
10000.08,3039.04,9.98,89.81,-60.69,224129.66,3
10000.09,2952.91,9.97,89.85,-59.96,227168.69,3
10000.16,3021.73,10.02,90.02,-60.77,230121.61,3
10000.08,2988.57,10.02,89.98,-59.86,233143.34,3
9999.5,2999.2,10.09,90.21,-60.2,236131.91,3
10000.02,2975.98,9.99,90.13,-60.01,239131.11,3
10000.32,3011.26,10.07,89.98,-61.21,242107.09,3
10000.05,2954.67,10.0,90.42,-59.41,245118.35,3
10000.49,2990.27,10.06,89.9,-59.54,248073.02,3
9999.71,2994.94,9.95,90.1,-60.16,251063.29,3
10000.52,2988.63,10.07,90.14,-59.67,254058.23,3
9999.54,3054.23,10.03,89.9,-60.17,257046.87,3
9999.84,2969.45,10.05,90.06,-60.46,260101.1,3
9999.78,3020.12,10.04,89.99,-60.32,263070.55,3
9999.28,3051.02,10.05,89.83,-60.7,266090.67,3
9999.93,3001.16,9.97,90.08,-60.57,269141.69,3
10000.87,3001.64,9.99,89.78,-60.2,272142.85,3
9999.66,3034.08,9.9,90.01,-59.96,275144.49,3
10000.06,3021.82,10.0,89.87,-60.23,278178.58,3
10000.65,3031.23,10.14,89.87,-60.14,281200.4,3
10000.23,3012.87,10.03,90.13,-59.58,284231.63,3
10000.54,3036.24,10.06,90.05,-61.13,287244.5,3
9999.54,3031.66,9.89,89.83,-59.27,290280.74,3
9999.45,3010.69,9.98,90.27,-59.11,293312.4,3
9999.74,3031.27,9.97,90.14,-60.28,296323.09,3
10000.73,2986.77,9.98,89.82,-59.85,299354.37,3
10000.02,2996.94,9.93,90.32,-59.82,302341.13,3
10000.08,2966.55,9.92,89.85,-60.15,305338.08,3
10000.35,3041.11,10.02,89.97,-60.04,308304.62,3
10000.04,2965.2,10.03,90.22,-60.54,311345.74,3
9999.82,3024.92,9.93,90.27,-59.59,314310.94,3
9999.36,2996.59,10.02,89.93,-59.81,317335.86,3
9999.74,3007.6,10.02,89.83,-60.31,320332.46,3
10000.61,3003.23,9.89,89.88,-59.39,323340.06,3
10000.03,3011.25,9.93,90.26,-60.14,326343.29,3
10000.54,2991.29,10.04,90.16,-59.58,329354.53,3
9999.43,3049.23,9.98,89.93,-59.95,332345.82,3
10000.11,2974.07,9.99,90.24,-59.91,335395.06,3
10000.55,3034.64,10.04,89.94,-59.08,338369.13,3
9999.92,2994.03,10.0,90.05,-60.72,341403.76,3
10000.25,2992.28,9.91,89.74,-59.99,344397.8,3
10000.21,3003.58,10.01,90.25,-60.53,347390.07,3
10000.09,2972.57,10.03,90.37,-59.95,350393.65,3
9999.72,2962.57,10.01,90.46,-59.49,353366.23,3
10001.71,2953.44,9.99,89.95,-60.62,356328.8,3
10001.24,2975.41,10.0,89.8,-60.29,359282.24,3
10000.91,3057.56,9.97,89.64,-60.4,362257.65,3
10000.09,3013.57,9.97,89.72,-59.86,365315.21,3
10000.48,2984.07,10.01,89.61,-59.89,368328.78,3
10000.42,2976.47,10.01,89.9,-60.7,371312.85,3
10000.18,2967.62,9.95,89.97,-59.94,374289.32,3
10000.17,2988.97,10.03,90.12,-60.28,377256.94,3
9999.55,2981.67,10.04,89.77,-60.26,380245.91,3
10000.87,2998.95,10.02,90.27,-61.13,383227.58,3
10001.32,3037.27,10.07,90.05,-60.2,386226.52,3
10000.24,2979.07,9.99,89.92,-60.5,389263.79,3
10000.42,2947.03,10.05,90.01,-60.79,392242.86,3
10000.07,3017.18,9.99,90.04,-60.52,395189.89,3
10001.09,2999.57,9.96,90.03,-60.23,398207.07,3
9999.87,2987.77,10.07,89.98,-59.74,401206.64,3
9999.94,3005.2,10.03,89.92,-59.36,404194.41,3
9999.5,2983.32,9.96,90.28,-60.76,407199.61,3
10000.43,2931.49,10.01,89.9,-60.19,410182.92,3
9998.76,2999.24,10.0,90.32,-60.59,413114.42,3
10000.4,2968.01,10.05,90.21,-60.23,416113.66,3
9999.28,3005.1,9.94,89.61,-60.42,419081.67,3
10499.22,3460.21,10.01,90.35,-59.48,3358.58,4
10500.06,3458.8,10.01,90.08,-60.41,6818.79,4
10499.53,3426.87,10.07,90.01,-60.11,10277.58,4
10500.5,3565.76,10.04,90.09,-59.95,13704.45,4
10499.85,3501.26,10.01,90.0,-60.39,17270.21,4
10500.18,3518.1,10.02,90.25,-60.67,20771.47,4
10500.57,3496.63,10.02,90.15,-60.11,24289.57,4
10499.59,3546.99,10.04,89.98,-59.64,27786.2,4
10499.29,3530.94,9.93,89.85,-59.55,31333.19,4
10499.21,3500.03,10.06,90.32,-60.48,34864.13,4
10500.33,3505.49,9.98,90.09,-60.18,38364.16,4
10500.42,3479.23,9.96,90.28,-60.11,41869.65,4
10499.39,3539.99,10.0,89.91,-60.83,45348.88,4
10500.3,3563.06,9.93,89.74,-61.41,48888.86,4
10500.57,3437.22,10.07,90.04,-59.39,52451.93,4
10499.69,3501.93,10.03,90.35,-59.77,55889.15,4
10499.87,3454.47,9.93,90.04,-60.84,59391.08,4
10499.88,3501.14,9.97,90.12,-60.56,62845.55,4
10498.77,3471.94,10.04,90.08,-60.45,66346.69,4
10499.6,3484.05,10.03,90.15,-60.64,69818.64,4
10499.96,3527.15,10.03,90.03,-59.88,73302.68,4
10499.89,3549.16,10.08,89.77,-59.49,76829.84,4
10499.87,3506.99,9.95,90.0,-59.96,80379.0,4
10500.54,3482.56,10.06,89.84,-60.48,83885.98,4
10499.81,3501.68,9.88,90.34,-59.77,87368.54,4
10500.33,3492.63,9.95,89.67,-60.91,90870.22,4
10499.93,3573.74,9.86,89.86,-59.65,94362.85,4
10499.83,3467.18,9.93,90.05,-59.94,97936.59,4
10500.33,3441.02,10.04,90.08,-59.55,101403.77,4
10499.79,3510.8,9.99,89.93,-59.52,104844.78,4
10500.05,3439.16,10.02,90.1,-60.37,108355.58,4
10500.39,3478.65,10.0,90.07,-59.91,111794.74,4
10500.39,3523.07,9.98,90.15,-59.2,115273.39,4
10500.7,3512.13,10.02,89.91,-60.06,118796.45,4
10500.49,3509.26,9.99,90.31,-60.51,122308.59,4
10500.06,3457.06,10.0,89.95,-60.1,125817.85,4
10500.29,3493.02,9.98,89.65,-59.32,129274.91,4
10499.97,3532.51,10.03,90.4,-59.49,132767.93,4
10500.85,3459.56,9.92,89.73,-59.84,136300.44,4
10499.04,3511.07,10.03,90.15,-59.14,139760.0,4
10499.45,3501.03,9.98,90.1,-59.87,143271.07,4
10499.89,3459.35,10.04,89.83,-60.35,146772.09,4
10500.07,3432.5,10.02,90.22,-59.9,150231.44,4
10499.75,3546.37,10.03,90.36,-60.01,153663.94,4
10500.05,3481.86,10.01,90.07,-60.27,157210.31,4
10500.66,3499.72,10.0,90.24,-59.6,160692.17,4
10499.77,3506.03,10.04,89.63,-59.84,164191.89,4
10500.49,3518.3,10.03,90.03,-60.6,167697.92,4
10500.42,3469.18,9.97,89.87,-59.57,171216.22,4
10499.9,3463.79,10.09,89.95,-59.74,174685.4,4
10499.78,3457.01,9.99,89.84,-59.67,178149.19,4
10500.05,3487.14,10.07,90.16,-60.32,181606.19,4
10500.7,3486.8,9.97,89.64,-59.54,185093.34,4
10500.22,3444.86,10.06,89.98,-60.13,188580.14,4
10499.64,3444.61,10.06,90.64,-60.09,192025.0,4
10499.59,3477.37,9.96,90.32,-60.09,195469.6,4
10500.51,3447.34,10.06,90.1,-59.66,198946.97,4
10499.66,3478.65,10.01,90.26,-60.28,202394.31,4
10499.7,3431.86,9.93,89.95,-60.62,205872.96,4
10500.11,3501.88,10.02,89.96,-60.13,209304.83,4
10501.19,3501.91,9.94,89.92,-60.83,212806.71,4
10499.44,3519.53,10.03,90.13,-60.07,216308.62,4
10500.03,3565.37,10.03,89.71,-59.55,219828.15,4
10499.41,3516.76,9.92,90.24,-60.31,223393.52,4
10499.68,3457.66,10.03,89.84,-58.96,226910.27,4
10500.61,3467.34,9.99,89.84,-60.03,230367.93,4
10500.44,3446.11,10.01,90.16,-59.46,233835.27,4
10500.25,3555.49,9.99,90.03,-60.76,237281.38,4
10499.94,3425.95,9.94,89.84,-60.63,240836.87,4
10499.82,3489.05,9.96,90.08,-60.63,244262.81,4
10500.06,3505.13,10.09,89.93,-59.92,247751.86,4
10499.95,3503.46,10.03,89.61,-60.02,251257.0,4
10499.78,3500.05,10.07,89.67,-60.39,254760.46,4
10500.03,3530.32,9.98,90.43,-58.81,258260.51,4
10499.96,3506.53,10.07,89.84,-60.04,261790.83,4
10500.44,3516.25,9.96,89.97,-59.86,265297.36,4
10499.81,3472.5,10.01,90.06,-60.13,268813.62,4
10500.41,3508.1,10.01,90.23,-60.27,272286.11,4
10499.58,3443.58,9.95,90.09,-59.48,275794.22,4
10500.66,3453.69,10.12,89.65,-60.14,279237.8,4
10500.78,3468.38,9.97,90.04,-59.12,282691.49,4
10500.97,3492.33,10.13,89.85,-59.69,286159.87,4
10499.62,3449.0,9.93,89.8,-60.33,289652.19,4
10498.71,3529.45,10.04,89.77,-59.85,293101.19,4
10500.82,3493.76,9.96,90.04,-59.88,296630.64,4
10498.75,3498.92,10.01,89.74,-60.19,300124.41,4
10499.35,3517.99,10.04,90.08,-60.22,303623.32,4
10499.77,3470.14,10.01,90.38,-60.57,307141.32,4
10499.28,3509.93,10.01,90.3,-59.97,310611.45,4
10498.66,3514.41,9.99,90.01,-59.71,314121.39,4
10499.96,3457.74,9.97,90.12,-58.43,317635.8,4
10500.53,3487.68,9.96,89.62,-59.61,321093.54,4
10499.67,3487.59,10.05,89.91,-59.79,324581.22,4
10500.18,3489.39,10.05,90.35,-59.88,328068.81,4
10499.86,3542.89,10.0,90.52,-60.35,331558.2,4
10500.65,3508.2,10.04,89.79,-60.54,335101.09,4
10500.56,3500.17,9.99,90.03,-60.14,338609.29,4
10499.87,3428.88,10.07,90.37,-60.06,342109.46,4
10499.12,3438.19,9.99,89.76,-59.51,345538.34,4
10499.37,3513.02,9.98,89.94,-59.73,348976.52,4
10500.9,3446.13,10.0,89.99,-59.96,352489.54,4
10499.84,3556.5,9.89,90.1,-59.78,355935.67,4
10500.14,3470.92,10.06,89.83,-59.42,359492.17,4
10499.4,3451.31,10.01,89.93,-59.98,362963.09,4
10501.04,3483.86,10.01,90.39,-60.1,366414.4,4
10499.01,3489.15,10.03,89.74,-60.11,369898.26,4
10500.09,3443.25,10.03,89.88,-60.21,373387.42,4
10500.52,3464.89,9.92,90.41,-60.46,376830.67,4
10499.5,3512.79,10.04,89.81,-60.47,380295.56,4
10500.09,3507.89,10.07,89.92,-60.38,383808.35,4
10501.42,3437.26,9.9,90.22,-60.69,387316.24,4
10499.78,3484.65,9.95,89.73,-59.54,390753.49,4
10499.71,3467.6,9.87,89.99,-60.24,394238.14,4
10499.61,3490.61,9.99,89.79,-60.07,397705.74,4
10499.44,3501.64,9.93,90.33,-60.11,401196.35,4
10499.98,3436.07,10.01,89.84,-59.59,404698.0,4
10499.85,3469.28,9.98,90.09,-60.33,408134.07,4
10500.83,3502.0,9.92,90.12,-58.74,411603.35,4
10500.39,3497.77,10.01,90.18,-60.17,415105.35,4
10499.76,3517.13,10.05,90.21,-59.38,418603.12,4
10499.38,3456.59,9.93,89.65,-59.91,422120.25,4
10500.15,3535.21,9.96,89.93,-60.04,425576.84,4
10499.79,3410.56,9.94,90.06,-59.27,429112.05,4
10499.88,3429.27,10.03,89.75,-60.46,432522.6,4
10499.43,3517.87,10.0,90.23,-59.57,435951.88,4
10499.63,3498.51,9.98,89.76,-60.68,439469.75,4
10499.92,3498.0,10.0,89.84,-60.03,442968.26,4
10501.06,3508.11,9.97,89.83,-59.8,446466.26,4
10500.01,3514.02,10.03,90.61,-60.63,449974.37,4
10500.59,3571.14,9.99,90.01,-59.88,453488.4,4
10499.73,3526.52,9.96,89.9,-59.65,457059.53,4
10500.2,3551.16,9.99,89.9,-59.61,460586.05,4
10499.41,3558.16,10.04,90.14,-60.07,464137.21,4
10499.49,3515.48,10.01,90.33,-59.67,467695.37,4
10500.72,3451.39,9.9,90.03,-59.88,471210.85,4
10499.43,3466.37,9.96,89.91,-59.33,474662.24,4
10499.25,3497.74,10.0,90.12,-60.52,478128.61,4
10500.57,3487.56,9.92,90.06,-60.14,481626.35,4
10498.92,3516.85,9.98,89.94,-59.98,485113.92,4
10499.62,3496.12,9.97,89.82,-60.18,488630.77,4
10999.44,4001.51,9.9,90.16,-59.26,3346.21,5
11000.17,3935.05,9.96,89.95,-59.98,7347.72,5
10999.16,3947.34,9.99,90.27,-60.64,11282.77,5
11000.25,3967.86,10.06,90.06,-59.52,15230.12,5
10999.98,3988.06,9.97,90.31,-60.67,19197.98,5
10999.74,4001.13,9.95,90.57,-60.13,23186.04,5
10999.64,4057.94,10.0,90.25,-59.66,27187.17,5
11000.14,3985.93,9.99,90.37,-60.08,31245.11,5
10999.26,3929.17,9.91,90.14,-60.45,35231.04,5
11000.38,3975.7,10.0,89.8,-60.56,39160.21,5
11000.29,4041.91,9.98,90.19,-59.18,43135.91,5
11000.8,3987.96,10.08,89.92,-58.91,47177.82,5
10999.92,3962.09,9.94,89.84,-60.57,51165.78,5
11000.14,3969.23,10.01,89.91,-59.87,55127.88,5
10999.97,3978.88,9.98,90.02,-60.4,59097.11,5
10999.7,3953.36,10.03,90.22,-59.69,63075.99,5
10999.49,3980.76,10.01,90.11,-60.25,67029.35,5
11000.25,4019.17,10.07,90.03,-59.68,71010.11,5
10999.9,3995.05,9.95,90.09,-60.88,75029.28,5
11000.61,3986.8,10.08,89.61,-60.09,79024.33,5
11000.96,4014.22,9.94,90.27,-59.59,83011.12,5
11000.2,4058.02,9.99,89.97,-59.73,87025.35,5
11001.19,4033.65,9.94,89.85,-59.07,91083.37,5
11000.01,4018.73,10.03,89.77,-59.76,95117.02,5
11000.24,4044.03,10.05,89.87,-60.65,99135.75,5
10999.48,4013.59,9.92,89.87,-60.56,103179.78,5
10999.1,3998.89,9.89,89.92,-59.76,107193.37,5
10999.69,3981.57,10.0,90.26,-59.7,111192.26,5
11000.51,4089.27,10.03,89.91,-59.93,115173.83,5
10999.79,4021.56,9.95,90.0,-59.89,119263.09,5
10999.64,3957.95,10.13,89.99,-60.7,123284.66,5
11000.61,4021.16,9.98,90.03,-60.6,127242.61,5
10998.68,4006.79,10.0,89.77,-59.46,131263.77,5
10999.84,4017.48,10.01,89.87,-60.67,135270.57,5
11000.7,4010.37,9.92,89.68,-59.56,139288.04,5
10999.85,4022.53,10.06,90.14,-61.17,143298.41,5
11000.43,3977.72,10.0,89.45,-61.53,147320.95,5
11000.55,3978.44,9.98,89.93,-59.88,151298.67,5
10999.77,4015.78,9.93,89.95,-59.42,155277.11,5
10999.5,3954.39,10.0,89.69,-60.15,159292.89,5
11000.88,4048.21,10.02,89.61,-59.54,163247.28,5
10999.59,3982.71,9.96,90.08,-60.77,167295.49,5
11000.69,3999.49,10.03,89.91,-60.02,171278.21,5
11000.46,3942.87,9.91,90.17,-60.72,175277.69,5
11000.04,4015.06,10.08,90.24,-60.58,179220.57,5
10999.8,3978.07,10.0,89.96,-59.88,183235.63,5
11000.31,4003.41,9.99,90.05,-60.21,187213.69,5
10999.32,3957.02,9.98,90.43,-59.73,191217.1,5
10999.92,3929.03,9.96,89.81,-59.67,195174.13,5
10999.35,4026.15,10.02,89.82,-60.74,199103.16,5
11000.62,4034.11,9.94,90.05,-60.99,203129.3,5
10999.85,4007.27,10.03,89.91,-60.48,207163.42,5
10999.55,3965.47,10.03,89.69,-59.93,211170.69,5
11000.36,3986.0,10.04,89.81,-60.51,215136.16,5
11000.13,3956.14,9.99,89.92,-60.61,219122.15,5
10999.98,4000.61,9.98,90.03,-59.83,223078.3,5
10999.96,3974.97,10.05,89.79,-59.81,227078.91,5
11000.32,4035.02,10.0,89.59,-60.01,231053.87,5
10999.58,4033.75,9.96,89.83,-60.08,235088.89,5
11000.12,4015.75,10.02,90.02,-60.57,239122.64,5
11001.1,3947.6,9.98,90.09,-60.1,243138.39,5
10999.6,4041.57,10.04,90.26,-59.99,247085.98,5
10999.97,3988.97,10.1,89.8,-59.85,251127.56,5
10999.57,4000.76,9.88,89.98,-60.32,255116.53,5
10999.92,3949.7,9.98,90.19,-59.41,259117.29,5
11000.05,3997.24,9.99,90.02,-59.88,263066.99,5
11000.16,4020.07,9.94,90.04,-60.16,267064.24,5
10999.52,3973.05,9.99,90.04,-60.08,271084.31,5
10999.58,4038.72,9.99,89.93,-59.93,275057.35,5
11000.12,4066.85,9.98,89.83,-60.27,279096.08,5
10999.97,3997.15,10.0,90.07,-59.77,283162.92,5
10999.99,4078.15,10.03,89.69,-60.54,287160.08,5
10999.65,4006.11,9.96,90.01,-60.31,291238.23,5
10999.83,3918.09,10.05,89.74,-59.58,295244.33,5
11000.03,3955.34,9.97,90.16,-59.76,299162.43,5
11000.39,4009.79,10.06,89.92,-60.31,303117.76,5
10998.7,3996.28,10.03,89.88,-59.86,307127.56,5
11000.42,3997.05,10.04,90.28,-59.76,311123.84,5
11000.17,4024.4,10.0,90.1,-60.25,315120.88,5
11000.75,3975.36,9.99,90.14,-59.99,319145.28,5
11000.19,4054.65,9.94,89.66,-59.41,323120.64,5
11000.3,4056.77,9.97,89.9,-59.68,327175.29,5
11000.29,3909.66,10.01,90.27,-59.8,331232.06,5
11000.46,3993.55,10.01,90.33,-60.72,335141.72,5
11000.35,3925.56,10.01,89.85,-59.84,339135.27,5
11000.05,3965.02,9.93,90.03,-60.31,343060.84,5
11000.46,4002.79,10.05,89.79,-59.68,347025.86,5
11000.32,4026.75,10.09,89.75,-59.79,351028.65,5
10999.72,3925.9,10.03,89.52,-59.17,355055.4,5
11000.85,4019.89,9.95,89.79,-59.87,358981.3,5
11000.22,4002.53,10.02,89.85,-60.46,363001.19,5
11000.25,3979.89,10.01,89.96,-59.77,367003.72,5
11000.58,3992.58,9.99,90.21,-60.32,370983.61,5
10999.65,4050.18,10.01,89.87,-58.66,374976.19,5
11000.64,4020.41,9.97,90.09,-59.74,379026.37,5
10999.83,4017.13,10.06,89.92,-59.74,383046.78,5
10999.76,3996.5,10.06,90.08,-60.38,387063.91,5
10999.22,4023.78,10.04,90.19,-58.99,391060.41,5
10999.8,3938.62,10.03,90.07,-60.16,395084.2,5
10999.64,3993.07,9.92,89.76,-60.52,399022.81,5
10999.49,4062.91,10.03,90.08,-59.85,403015.89,5
10999.92,3981.34,9.98,90.02,-59.36,407078.8,5
11000.14,4002.41,9.97,90.15,-61.07,411060.13,5
11000.33,3999.54,9.95,89.93,-59.09,415062.54,5
11000.12,3971.87,9.93,89.7,-59.71,419062.08,5
11000.11,4009.28,9.94,89.85,-60.65,423033.95,5
10999.69,3938.81,9.94,90.4,-59.96,427043.23,5
11000.5,4006.42,10.06,89.94,-59.42,430982.04,5
11000.13,4039.12,10.06,89.79,-59.44,434988.46,5
11000.59,4074.32,10.07,89.73,-60.54,439027.58,5
11000.23,4058.99,10.01,89.98,-60.12,443101.9,5
11000.51,3987.14,10.02,89.82,-60.07,447160.9,5
10999.52,4021.01,9.86,89.97,-59.76,451148.03,5
11000.47,4024.06,10.0,89.8,-60.53,455169.04,5
10999.68,4034.74,10.09,89.88,-59.84,459193.1,5
10999.76,3982.44,10.05,89.99,-60.23,463227.85,5
11000.67,3977.3,10.03,90.01,-59.55,467210.29,5
11000.98,4066.62,10.01,89.85,-60.4,471187.59,5
11000.11,3956.4,10.01,90.01,-59.16,475254.2,5
10999.99,4034.13,10.03,89.91,-60.57,479210.6,5
11000.27,4049.47,9.96,89.78,-60.06,483244.73,5
11000.19,4008.97,9.97,90.17,-60.04,487294.2,5
10999.2,3948.33,10.03,89.99,-59.97,491303.17,5
11000.47,4028.18,10.09,90.11,-59.55,495251.5,5
10999.97,3994.23,10.0,89.76,-59.89,499279.68,5
11000.13,3990.27,10.02,89.87,-60.29,503273.91,5
11000.12,4019.09,9.97,90.26,-59.34,507264.18,5
10999.21,3968.92,10.01,90.43,-59.81,511283.27,5
11000.07,3995.34,9.94,89.97,-60.79,515252.19,5
11001.03,3991.53,9.96,89.6,-59.77,519247.53,5
11000.04,4032.98,9.95,90.13,-59.32,523239.06,5
11000.69,3944.95,9.99,89.7,-59.54,527272.03,5
11000.47,3992.81,10.05,90.28,-59.89,531216.98,5
10999.35,4013.16,9.92,90.07,-59.79,535209.79,5
10999.86,3968.65,9.98,90.06,-59.95,539222.95,5
11000.97,4034.94,9.97,90.18,-59.71,543191.6,5
10999.67,4028.09,9.93,89.72,-60.35,547226.54,5
10999.89,3981.05,9.98,90.02,-59.59,551254.62,5
11000.4,4065.05,10.1,90.11,-60.07,555235.68,5
10999.92,4040.57,10.04,89.9,-60.33,559300.73,5
11499.75,4537.57,9.96,90.11,-59.81,1453.82,6
11500.13,4551.31,10.1,90.08,-59.94,5991.39,6
11499.56,4454.12,10.05,89.79,-59.55,10542.69,6
11499.35,4470.81,9.99,90.03,-60.2,14996.82,6
11500.46,4520.79,10.03,89.68,-61.23,19467.62,6
11499.6,4471.59,10.04,90.13,-60.44,23988.42,6
11499.61,4445.96,9.94,89.84,-58.87,28460.0,6
11500.35,4429.88,10.07,90.05,-59.83,32905.96,6
11500.21,4523.58,10.04,89.87,-60.3,37335.85,6
11500.02,4530.8,10.0,90.12,-59.61,41859.43,6
11499.89,4421.38,9.97,90.07,-59.13,46390.22,6
11499.68,4511.28,10.03,90.25,-60.32,50811.6,6
11500.25,4450.5,10.04,89.96,-60.2,55322.88,6
11499.49,4528.42,9.99,89.89,-59.66,59773.38,6
11499.67,4466.41,10.02,89.96,-60.34,64301.8,6
11499.74,4519.8,9.91,90.35,-59.88,68768.21,6
11500.62,4472.25,10.02,90.29,-59.85,73288.01,6
11498.74,4550.08,9.99,89.85,-60.37,77760.26,6
11499.35,4472.36,9.95,90.12,-59.91,82310.34,6
11499.87,4567.49,9.97,89.91,-60.15,86782.71,6
11499.7,4463.59,10.06,90.31,-59.93,91350.2,6
11499.65,4486.9,10.02,90.14,-59.7,95813.78,6
11499.56,4461.31,9.98,89.8,-59.26,100300.68,6
11499.74,4532.84,10.03,90.02,-59.72,104762.0,6
11499.47,4468.92,10.06,89.73,-59.61,109294.84,6
11500.43,4558.9,10.0,90.2,-59.79,113763.75,6
11499.65,4604.83,10.06,89.99,-59.74,118322.65,6
11500.25,4429.79,10.1,90.29,-59.44,122927.48,6
11500.02,4483.79,9.97,89.9,-59.59,127357.27,6
11499.91,4524.59,9.97,90.0,-59.48,131841.06,6
11499.25,4469.85,10.07,90.18,-60.47,136365.64,6
11500.06,4492.27,10.13,89.85,-60.64,140835.49,6
11499.99,4608.71,10.0,89.93,-59.86,145327.77,6
11500.18,4487.68,10.03,89.95,-59.61,149936.48,6
11499.44,4504.21,10.07,90.07,-60.41,154424.15,6
11499.4,4453.21,10.07,90.07,-59.65,158928.36,6
11498.84,4475.12,10.03,89.93,-60.72,163381.57,6
11500.38,4432.0,9.92,90.07,-60.75,167856.69,6
11499.72,4539.51,10.01,89.75,-59.06,172288.69,6
11500.17,4464.22,10.03,89.8,-59.94,176828.2,6
11500.79,4533.68,10.0,89.95,-60.97,181292.42,6
11500.82,4559.34,10.02,90.01,-60.36,185826.1,6
11500.39,4542.32,10.02,89.99,-59.57,190385.44,6
11499.95,4479.35,10.02,90.14,-59.5,194927.76,6
11499.39,4447.6,10.06,90.04,-59.91,199407.11,6
11500.1,4578.82,9.98,90.05,-59.44,203854.71,6
11499.2,4462.88,9.97,90.25,-59.45,208433.53,6
11500.18,4476.48,9.95,89.74,-59.43,212896.42,6
11499.95,4606.4,9.97,89.65,-60.64,217372.89,6
11501.2,4515.69,9.96,89.87,-60.09,221979.29,6
11499.07,4535.47,10.0,90.0,-59.65,226494.98,6
11500.07,4399.43,10.05,89.83,-60.54,231030.45,6
11499.74,4407.36,9.97,89.92,-60.33,235429.88,6
11499.15,4541.75,10.02,89.88,-60.43,239837.24,6
11500.42,4488.41,9.94,89.78,-60.04,244378.98,6
11499.65,4497.72,10.05,90.27,-58.99,248867.4,6
11499.96,4601.58,10.03,90.02,-60.49,253365.12,6
11499.67,4443.84,9.94,90.15,-60.07,257966.7,6
11500.53,4443.99,9.98,90.03,-59.76,262410.55,6
11500.35,4480.44,10.06,90.15,-60.0,266854.53,6
11500.17,4541.09,10.1,90.12,-60.32,271334.97,6
11500.16,4500.86,10.03,90.06,-60.13,275876.06,6
11499.35,4475.75,10.05,90.05,-59.5,280376.92,6
11499.77,4537.14,10.06,89.71,-60.21,284852.67,6
11500.22,4541.12,10.03,90.31,-59.22,289389.81,6
11499.85,4508.95,9.98,89.81,-60.51,293930.93,6
11500.36,4513.63,10.04,90.1,-58.73,298439.88,6
11499.61,4546.58,9.96,89.61,-59.13,302953.51,6
11499.73,4528.0,10.06,89.83,-60.34,307500.09,6
11500.07,4585.9,9.92,90.05,-60.16,312028.09,6
11499.6,4464.03,9.99,89.96,-59.85,316613.99,6
11500.73,4526.67,10.02,90.08,-59.49,321078.02,6
11499.78,4488.16,9.94,90.19,-59.0,325604.69,6
11498.72,4559.99,9.93,89.56,-59.74,330092.85,6
11499.79,4560.34,10.07,90.16,-59.85,334652.84,6
11499.29,4524.22,10.04,89.88,-58.72,339213.18,6
11500.01,4503.52,10.03,90.21,-59.56,343737.4,6
11500.49,4433.35,9.87,89.99,-60.26,348240.92,6
11499.69,4479.31,9.98,89.79,-59.71,352674.27,6
11499.96,4496.84,10.03,90.34,-59.42,357153.58,6
11500.44,4462.77,10.07,90.42,-60.41,361650.42,6
11499.03,4519.09,10.0,89.89,-60.61,366113.2,6
11499.87,4511.24,9.95,90.02,-59.79,370632.29,6
11500.39,4461.19,9.98,89.82,-59.28,375143.53,6
11499.3,4471.61,9.91,89.94,-59.16,379604.73,6
11499.86,4533.41,9.96,89.85,-60.11,384076.33,6
11499.12,4502.28,10.05,90.18,-59.96,388609.75,6
11499.45,4466.07,9.94,89.94,-59.82,393112.03,6
11499.82,4530.1,9.98,90.05,-59.46,397578.1,6
11499.82,4430.18,10.03,90.07,-59.86,402108.2,6
11500.18,4476.19,9.99,90.25,-60.23,406538.38,6
11499.86,4472.13,10.07,90.05,-59.4,411014.57,6
11499.94,4482.92,10.0,90.1,-60.44,415486.71,6
11500.83,4525.32,9.94,90.04,-59.77,419969.63,6
11500.22,4463.12,10.0,89.79,-59.56,424494.94,6
11499.78,4487.05,10.05,89.62,-59.43,428958.06,6
11500.5,4553.05,10.06,89.95,-60.26,433445.11,6
11499.22,4405.73,9.98,90.04,-59.96,437998.16,6
11500.41,4637.75,9.98,90.11,-60.53,442403.89,6
11500.11,4474.15,10.05,89.97,-60.41,447041.64,6
11500.95,4514.65,9.95,89.64,-60.1,451515.79,6
11499.07,4544.2,10.0,90.23,-59.74,456030.43,6
11500.17,4532.99,10.01,90.35,-59.36,460574.64,6
11500.1,4507.09,10.02,89.92,-60.05,465107.62,6
11500.52,4482.05,9.98,90.2,-59.55,469614.72,6
11501.17,4554.88,10.04,89.97,-59.51,474096.77,6
11500.28,4527.43,9.97,90.19,-60.02,478651.65,6
11499.99,4527.52,10.04,90.35,-59.57,483179.09,6
11499.71,4573.91,10.02,90.14,-59.58,487706.61,6
11500.32,4471.32,10.04,90.42,-60.72,492280.52,6
11500.19,4552.2,10.03,89.89,-59.98,496751.84,6
11499.63,4535.07,10.04,89.98,-59.72,501304.04,6
11500.21,4480.97,9.97,89.95,-60.14,505839.11,6
11500.73,4438.57,10.0,90.4,-59.68,510320.08,6
11499.7,4449.78,10.04,89.96,-59.92,514758.65,6
11500.22,4538.78,10.04,90.26,-59.85,519208.44,6
11500.1,4501.94,10.04,90.12,-60.63,523747.22,6
11499.85,4440.15,10.02,89.68,-60.23,528249.16,6
11499.56,4576.03,9.97,89.78,-59.84,532689.31,6
11501.05,4503.12,9.97,90.41,-59.56,537265.35,6
11500.69,4475.29,9.99,89.97,-59.66,541768.47,6
11500.77,4546.49,9.96,90.12,-60.29,546243.75,6
11499.97,4412.67,9.95,90.18,-59.88,550790.24,6
11500.45,4588.33,9.97,89.99,-60.32,555202.92,6
11499.16,4499.86,9.99,90.19,-59.6,559791.25,6
11500.18,4500.13,10.02,89.98,-60.4,564291.11,6
11500.01,4496.62,9.99,89.79,-60.31,568791.24,6
11499.9,4526.75,9.91,90.41,-60.25,573287.86,6
11499.9,4506.81,10.09,90.07,-59.84,577814.6,6
11499.54,4514.08,10.0,90.26,-59.54,582321.41,6
11500.02,4517.19,9.91,90.22,-61.12,586835.49,6
11498.75,4514.73,9.99,89.99,-59.38,591352.69,6
11500.9,4490.82,10.06,89.54,-60.75,595867.42,6
11499.99,4436.97,10.0,90.12,-60.21,600358.24,6
11499.47,4519.11,10.04,90.1,-60.1,604795.21,6
11499.51,4482.78,9.93,90.25,-58.83,609314.32,6
11500.83,4554.65,9.97,89.92,-60.77,613797.1,6
11500.24,4486.94,9.89,89.68,-59.63,618351.75,6
11499.79,4578.47,10.0,90.07,-59.46,622838.69,6
11499.5,4532.82,10.0,89.67,-60.74,627417.16,6
11999.7,5068.47,10.0,90.1,-59.75,4036.73,7
11999.4,4961.96,10.02,89.96,-61.03,9105.19,7
11999.57,5055.53,10.02,89.99,-59.4,14067.15,7
11999.94,4984.75,9.97,90.16,-58.66,19122.68,7
11999.47,5131.97,9.98,90.19,-59.84,24107.43,7
11999.23,4958.63,10.08,90.2,-60.11,29239.4,7
11999.77,4995.25,10.09,89.93,-59.78,34198.03,7
11999.66,4970.41,10.06,89.77,-59.62,39193.28,7
12000.04,4996.66,10.02,90.22,-60.3,44163.68,7
12000.0,5018.67,9.96,90.53,-60.37,49160.34,7
12000.9,4996.52,10.08,89.87,-59.39,54179.01,7
11999.64,5033.43,10.01,90.14,-60.2,59175.53,7
11999.28,5005.75,9.94,89.86,-60.6,64208.96,7
12000.18,4966.24,9.94,90.3,-59.76,69214.71,7
12000.32,5090.09,10.07,90.13,-60.24,74180.95,7
11999.95,5053.1,10.0,90.27,-60.39,79271.04,7
12000.16,4966.82,9.98,89.8,-60.33,84324.15,7
11999.76,5018.65,10.0,90.3,-60.22,89290.97,7
11998.99,5015.31,9.99,90.07,-60.49,94309.62,7
11999.89,5062.35,10.04,89.9,-59.05,99324.93,7
11999.92,5003.65,9.97,89.79,-59.64,104387.28,7
12001.05,5047.68,10.02,89.94,-58.58,109390.94,7
12000.31,5011.13,10.04,90.11,-59.25,114438.62,7
12000.52,4972.48,9.99,90.12,-59.18,119449.75,7
12000.12,4962.34,10.05,89.78,-60.39,124422.23,7
12000.06,4879.88,10.03,89.93,-59.81,129384.57,7
11999.87,4994.03,9.96,89.95,-59.91,134264.45,7
12000.06,4992.21,9.98,90.16,-59.86,139258.48,7
11999.74,5019.77,10.03,90.2,-60.64,144250.7,7
12001.03,4995.6,9.99,90.12,-60.11,149270.47,7
12000.26,4920.47,9.96,89.97,-59.75,154266.06,7
11999.42,5075.01,9.96,89.97,-59.98,159186.53,7
11999.46,5009.25,10.02,89.93,-60.23,164261.54,7
12000.3,4901.24,9.96,89.89,-59.89,169270.79,7
11999.73,5045.08,9.97,89.65,-59.01,174172.04,7
11998.89,5043.95,9.95,90.2,-60.48,179217.12,7
11999.75,5045.52,9.97,89.9,-59.82,184261.07,7
11999.54,5086.53,10.06,89.96,-60.36,189306.58,7
12000.74,4950.59,9.95,90.45,-59.76,194393.11,7
12000.03,5052.49,9.95,89.93,-59.82,199343.7,7
11999.81,5002.92,9.92,89.96,-60.42,204396.19,7
12000.05,5134.06,9.98,90.34,-60.69,209399.11,7
12000.54,4942.17,10.02,90.03,-59.58,214533.17,7
12000.16,4968.39,10.03,89.47,-60.25,219475.35,7
12000.1,4916.2,10.05,89.51,-60.57,224443.74,7
11999.12,4997.93,10.01,89.79,-60.71,229359.94,7
12000.0,5048.61,9.94,89.65,-59.81,234357.86,7
12000.16,5037.79,10.03,90.19,-59.5,239406.48,7
12000.92,5005.43,10.09,89.96,-60.47,244444.27,7
11999.94,4947.86,9.88,89.81,-59.57,249449.7,7
11999.8,5079.23,10.03,90.02,-59.13,254397.56,7
12000.28,4987.97,9.96,89.91,-59.72,259476.79,7
12000.32,4971.48,9.99,90.22,-60.05,264464.75,7
11999.79,5059.35,9.95,89.86,-59.87,269436.23,7
12000.56,4959.07,9.96,90.02,-60.63,274495.58,7
12000.3,5024.16,9.99,89.94,-60.33,279454.65,7
11999.88,5012.63,10.01,90.01,-59.13,284478.8,7
12000.18,5003.57,9.98,89.92,-59.82,289491.43,7
11999.97,5057.96,9.98,89.5,-59.81,294495.01,7
11999.91,4975.39,10.01,90.03,-60.12,299552.97,7
11999.63,4900.0,9.99,90.55,-60.79,304528.36,7
11999.56,5028.19,10.05,90.42,-59.83,309428.36,7
11999.9,4958.26,9.96,89.96,-59.62,314456.56,7
11999.56,5022.07,10.04,90.18,-59.86,319414.81,7
12000.04,4970.32,10.04,89.77,-60.45,324436.88,7
12000.58,4982.61,10.08,89.92,-59.57,329407.2,7
12000.24,5126.42,10.04,89.88,-59.71,334389.8,7
12000.92,5065.9,9.97,90.03,-59.06,339516.22,7
11999.58,4970.07,10.04,89.78,-60.42,344582.12,7
11999.78,4985.52,9.97,90.18,-60.23,349552.19,7
12000.13,4974.22,9.98,89.99,-60.07,354537.72,7
11999.96,5044.01,10.01,90.29,-59.89,359511.94,7
12000.94,4938.45,9.92,90.16,-60.17,364555.95,7
12000.19,5052.7,9.98,89.73,-60.98,369494.4,7
12000.28,5053.09,9.9,90.09,-59.29,374547.1,7
11999.96,4968.66,10.08,90.1,-59.55,379600.19,7
11999.63,5080.71,10.0,90.01,-59.85,384568.85,7
11999.62,5015.99,10.03,90.05,-60.22,389649.56,7
12000.03,5045.76,9.99,90.09,-59.89,394665.55,7
11999.84,4958.73,9.97,89.95,-59.8,399711.3,7
11999.96,4952.61,9.91,90.27,-59.89,404670.03,7
12000.48,5051.39,9.96,89.72,-59.89,409622.65,7
12000.08,5069.44,10.07,90.2,-58.98,414674.04,7
12000.24,5043.74,10.03,89.7,-60.4,419743.48,7
12000.44,5104.67,10.05,89.9,-60.94,424787.21,7
11999.9,4907.2,9.93,90.05,-60.02,429891.88,7
11999.51,4928.85,10.06,89.95,-60.19,434799.08,7
11999.73,4961.44,10.07,90.04,-60.44,439727.93,7
12000.0,4902.59,10.01,90.13,-60.77,444689.37,7
11999.41,5026.1,9.98,90.04,-60.34,449591.97,7
11999.26,4996.54,10.04,89.91,-59.48,454618.07,7
11999.84,4925.4,9.96,90.09,-60.78,459614.61,7
12000.42,4977.29,9.95,89.83,-59.85,464540.01,7
12000.34,5096.77,9.96,89.71,-60.37,469517.3,7
12000.07,5003.91,9.99,89.79,-59.99,474614.07,7
11999.17,4962.05,9.9,90.06,-60.44,479617.98,7
12000.03,4911.31,10.05,89.74,-60.1,484580.02,7
11999.82,4970.85,9.96,89.78,-59.59,489491.33,7
12000.09,4932.93,10.0,90.05,-59.87,494462.18,7
12000.04,4988.05,9.95,90.06,-60.53,499395.12,7
11999.8,4964.8,10.11,89.95,-60.06,504383.17,7
11998.93,4998.32,9.93,89.6,-60.28,509347.96,7
12000.62,4926.67,9.9,90.25,-60.45,514346.28,7
11999.78,4984.44,10.02,90.25,-60.08,519272.95,7
11999.88,4988.84,10.11,90.05,-59.97,524257.39,7
11999.89,4878.59,10.04,90.25,-59.17,529246.23,7
11999.72,4991.34,10.02,90.14,-59.84,534124.81,7
12000.1,4981.93,10.01,90.58,-59.5,539116.15,7
11999.75,5011.31,9.98,90.2,-59.85,544098.09,7
11999.9,4897.7,10.05,89.93,-59.93,549109.4,7
11999.72,5015.56,9.97,89.75,-60.29,554007.1,7
11999.66,5031.54,9.93,89.76,-59.42,559022.66,7
12000.07,5024.25,10.04,89.98,-59.59,564054.2,7
11999.91,5029.83,10.01,90.07,-60.17,569078.45,7
11999.92,4969.97,9.98,89.81,-59.76,574108.27,7
12000.55,4972.14,9.89,89.46,-59.72,579078.25,7
11999.49,5121.12,10.05,89.78,-59.51,584050.38,7
11999.91,5062.07,10.03,90.36,-59.43,589171.51,7
12000.33,4938.47,10.03,89.74,-60.12,594233.58,7
12000.45,5060.1,10.0,89.59,-59.84,599172.04,7
12000.19,5107.07,9.95,90.08,-60.48,604232.15,7
11999.34,5117.7,9.96,89.84,-60.25,609339.21,7
12000.47,5108.11,9.96,89.74,-59.57,614456.92,7
12000.48,5087.92,10.07,89.79,-59.93,619565.03,7
12000.0,4984.46,9.98,89.99,-59.9,624652.95,7
12000.35,5035.72,10.0,90.26,-59.78,629637.4,7
11999.73,5000.79,9.95,90.04,-59.76,634673.12,7
12000.23,4950.56,10.04,90.21,-59.95,639673.91,7
11999.78,5034.12,10.02,89.98,-59.24,644624.47,7
11999.72,4975.31,9.94,89.53,-60.25,649658.59,7
12000.68,5096.7,9.99,90.03,-59.78,654633.9,7
11999.34,5051.31,10.06,90.07,-60.52,659730.6,7
11999.87,5059.5,10.0,90.36,-60.03,664781.92,7
11999.36,5012.4,10.0,90.41,-60.3,669841.41,7
12000.17,5033.59,10.04,90.25,-60.16,674853.82,7
12000.52,4993.89,10.05,90.16,-59.38,679887.41,7
11999.58,4995.38,10.02,89.85,-59.87,684881.3,7
11999.86,5017.59,9.92,90.14,-59.99,689876.68,7
12000.14,4957.13,9.97,89.81,-59.26,694894.28,7
12000.59,4968.93,10.06,89.93,-59.73,699851.4,7
12499.86,5505.61,10.06,90.13,-60.24,1979.53,8
12500.44,5464.21,9.96,89.96,-60.11,7485.13,8
12499.46,5464.71,9.83,90.18,-60.17,12949.34,8
12499.17,5474.53,10.12,90.27,-60.01,18414.05,8
12499.49,5524.69,9.94,90.17,-59.8,23888.58,8
12500.3,5481.03,10.01,90.13,-59.86,29413.26,8
12499.94,5551.21,10.07,90.01,-60.16,34894.29,8
12499.55,5518.71,10.02,90.03,-59.97,40445.5,8
12500.96,5341.23,9.98,90.29,-60.17,45964.22,8
12500.24,5527.48,10.06,90.13,-60.09,51305.45,8
12499.73,5442.07,10.09,90.13,-59.82,56832.93,8
12499.46,5528.07,10.09,89.75,-60.14,62275.0,8
12500.09,5443.03,9.92,89.9,-60.37,67803.07,8
12499.51,5572.96,10.09,90.08,-59.69,73246.09,8
12499.93,5450.7,10.08,89.91,-60.03,78819.05,8
12500.51,5495.95,10.05,90.2,-60.2,84269.75,8
12500.49,5572.87,9.96,90.39,-60.04,89765.7,8
12499.88,5544.61,10.11,89.94,-60.92,95338.57,8
12500.0,5401.06,9.98,90.17,-60.49,100883.18,8
12499.13,5603.91,10.03,90.21,-60.53,106284.24,8
12500.93,5587.93,10.11,90.01,-60.35,111888.15,8
12500.19,5463.89,10.01,89.89,-59.55,117476.08,8
12499.65,5457.67,9.93,89.86,-59.57,122939.97,8
12499.59,5529.1,10.0,90.16,-60.26,128397.64,8
12499.72,5380.27,10.07,89.86,-60.41,133926.74,8
12499.64,5503.28,9.99,90.33,-59.51,139307.01,8
12499.66,5448.41,9.97,89.98,-59.78,144810.29,8
12499.75,5428.66,9.89,90.25,-60.5,150258.7,8
12500.22,5489.47,10.04,90.01,-60.64,155687.36,8
12499.11,5519.03,10.01,90.23,-59.86,161176.83,8
12500.39,5433.51,10.06,89.61,-60.1,166695.86,8
12499.95,5535.59,9.95,89.82,-59.33,172129.37,8
12499.76,5463.44,9.91,89.86,-60.5,177664.96,8
12499.93,5334.92,10.04,90.24,-59.65,183128.4,8
12499.25,5483.89,10.05,90.3,-59.49,188463.32,8
12500.05,5496.92,9.92,89.91,-59.47,193947.21,8
12500.02,5498.19,9.88,90.09,-60.41,199444.13,8
12499.98,5525.4,10.04,89.9,-60.41,204942.33,8
12499.93,5542.54,9.99,89.96,-60.89,210467.73,8
12500.37,5574.64,10.01,89.92,-60.74,216010.27,8
12499.81,5521.25,9.91,89.81,-59.94,221584.91,8
12500.58,5447.57,10.05,89.63,-60.01,227106.15,8
12499.56,5546.63,10.04,90.31,-60.65,232553.73,8
12499.99,5548.67,9.94,90.08,-60.23,238100.36,8
12499.84,5339.36,9.99,89.79,-60.98,243649.02,8
12499.3,5562.29,10.07,89.95,-59.83,248988.38,8
12500.01,5562.25,9.9,90.2,-60.54,254550.67,8
12500.61,5532.43,9.95,90.27,-59.51,260112.92,8
12500.36,5362.83,10.01,89.9,-59.71,265645.36,8
12500.09,5471.76,9.96,90.04,-59.24,271008.19,8
12499.45,5424.29,9.96,90.03,-60.43,276479.95,8
12500.24,5526.65,9.96,90.25,-59.54,281904.23,8
12499.87,5443.24,10.01,89.79,-58.92,287430.88,8
12499.74,5503.16,10.03,90.26,-60.99,292874.12,8
12500.65,5476.64,10.14,90.23,-59.39,298377.27,8
12500.59,5563.73,10.0,89.81,-60.06,303853.91,8
12499.71,5482.9,10.0,89.58,-59.2,309417.64,8
12500.67,5444.35,9.99,90.37,-60.36,314900.54,8
12499.75,5528.68,10.03,89.98,-60.58,320344.89,8
12500.6,5451.97,10.04,90.23,-60.17,325873.57,8
12499.88,5533.23,10.05,89.88,-59.4,331325.54,8
12500.46,5614.67,10.01,89.94,-60.04,336858.77,8
12499.47,5546.32,10.0,90.14,-60.07,342473.44,8
12500.39,5466.95,9.97,90.42,-60.31,348019.77,8
12500.74,5538.89,9.98,90.07,-60.13,353486.72,8
12501.1,5515.89,10.03,90.05,-61.27,359025.61,8
12499.3,5473.22,10.0,89.87,-60.15,364541.49,8
12499.69,5488.39,9.99,89.99,-59.99,370014.71,8
12500.64,5387.27,10.01,89.97,-59.96,375503.1,8
12499.65,5491.77,9.92,90.08,-59.9,380890.37,8
12499.65,5606.74,9.99,90.27,-59.98,386382.14,8
12501.07,5438.22,9.97,89.85,-60.05,391988.88,8
12500.42,5453.09,10.06,90.23,-59.69,397427.09,8
12499.58,5478.91,10.04,89.94,-59.64,402880.18,8
12499.93,5476.11,9.99,89.77,-60.48,408359.09,8
12500.5,5488.7,10.06,90.06,-59.7,413835.2,8
12499.64,5433.41,9.98,90.18,-59.23,419323.9,8
12499.72,5475.49,9.95,90.02,-60.77,424757.31,8
12500.86,5595.57,10.03,89.71,-60.3,430232.8,8
12500.52,5524.6,9.98,90.12,-60.24,435828.37,8
12499.37,5418.01,10.07,90.13,-60.13,441352.97,8
12500.44,5502.81,9.98,90.32,-60.18,446770.98,8
12499.72,5509.7,10.03,90.22,-59.87,452273.79,8
12499.81,5537.03,9.91,90.22,-59.33,457783.5,8
12499.85,5524.14,10.04,89.97,-60.52,463320.53,8
12499.35,5562.61,10.04,89.92,-60.14,468844.67,8
12499.93,5450.65,9.99,90.18,-60.52,474407.28,8
12500.57,5551.99,9.94,90.12,-60.1,479857.93,8
12500.38,5398.86,10.04,89.97,-60.62,485409.92,8
12500.63,5561.71,10.07,89.84,-60.53,490808.78,8
12499.72,5491.95,10.01,89.81,-59.36,496370.49,8
12499.69,5578.3,9.94,89.98,-59.64,501862.44,8
12500.19,5455.37,10.04,89.72,-60.33,507440.74,8
12500.24,5362.33,9.97,90.15,-59.85,512896.11,8
12500.61,5597.76,10.07,90.23,-59.9,518258.44,8
12500.09,5537.72,9.97,89.91,-59.77,523856.21,8
12499.91,5525.59,10.1,90.0,-59.8,529393.93,8
12499.58,5549.29,9.98,90.14,-59.81,534919.52,8
12500.63,5546.33,9.94,90.14,-60.86,540468.81,8
12500.04,5521.53,10.09,90.26,-60.31,546015.14,8
12500.56,5543.63,10.01,89.67,-60.63,551536.67,8
12501.01,5445.02,10.01,89.54,-60.48,557080.3,8
12500.22,5533.21,9.92,89.89,-59.45,562525.33,8
12499.46,5436.85,10.04,89.75,-60.96,568058.54,8
12500.22,5516.43,9.95,89.78,-59.36,573495.39,8
12499.9,5481.25,9.98,89.95,-60.1,579011.82,8
12499.88,5489.99,10.05,90.14,-60.12,584493.06,8
12500.07,5520.14,10.04,90.13,-60.57,589983.06,8
12499.89,5447.14,10.04,90.08,-60.21,595503.2,8
12498.64,5539.93,10.13,89.95,-60.0,600950.35,8
12499.77,5530.56,9.98,90.34,-59.68,606490.28,8
12500.42,5490.39,9.94,89.97,-60.2,612020.84,8
12499.34,5559.78,10.03,89.64,-60.52,617511.23,8
12500.36,5409.62,10.0,90.16,-60.2,623071.01,8
12500.41,5454.83,10.04,90.0,-60.14,628480.63,8
12500.02,5623.65,9.99,89.86,-60.84,633935.46,8
12500.37,5484.38,10.0,89.44,-60.22,639559.11,8
12499.61,5495.75,9.91,89.93,-60.59,645043.48,8
12499.83,5521.69,9.99,89.86,-59.82,650539.23,8
12500.11,5580.91,10.01,89.81,-60.12,656060.93,8
12499.12,5521.92,10.01,90.11,-59.79,661641.84,8
12499.34,5521.63,10.04,89.75,-59.63,667163.76,8
12500.58,5523.58,10.03,90.15,-60.45,672685.39,8
12499.14,5453.35,10.06,90.06,-59.65,678208.97,8
12500.47,5555.73,10.04,89.82,-60.11,683662.32,8
12499.67,5577.58,9.94,90.1,-59.75,689218.04,8
12500.73,5526.93,9.98,90.0,-60.2,694795.62,8
12500.57,5544.36,9.95,90.17,-59.86,700322.55,8
12499.88,5381.2,9.99,89.67,-60.74,705866.91,8
12500.53,5638.66,10.07,89.97,-61.31,711248.11,8
12499.71,5419.1,10.02,89.77,-60.09,716886.77,8
12498.97,5466.51,10.0,90.21,-60.06,722305.87,8
12500.17,5481.05,9.96,89.78,-60.89,727772.38,8
12500.68,5547.56,10.01,90.25,-60.25,733253.42,8
12499.49,5445.02,10.0,89.79,-61.09,738800.98,8
12499.88,5474.63,9.95,90.27,-58.98,744246.0,8
12500.86,5494.55,9.98,90.02,-59.2,749720.63,8
12499.47,5445.49,9.98,90.02,-60.01,755215.18,8
12499.91,5628.68,9.93,89.9,-59.66,760660.67,8
12499.98,5551.73,9.91,89.97,-60.47,766289.35,8
12999.07,6061.06,10.04,89.71,-60.31,2822.23,9
12999.48,6010.48,10.01,89.91,-59.48,8883.29,9
12999.88,6067.52,9.89,89.93,-59.84,14893.77,9
13000.36,6030.76,9.97,89.54,-60.25,20961.29,9
13000.37,6014.39,10.07,90.18,-60.2,26992.05,9
12999.47,5837.71,10.0,89.79,-60.28,33006.44,9
13000.45,6072.49,10.01,90.01,-60.09,38844.15,9
12999.67,6033.76,9.92,89.84,-60.54,44916.64,9
13000.27,5981.85,10.07,89.84,-59.6,50950.4,9
13000.32,5975.51,10.02,90.22,-59.57,56932.25,9
13000.1,6096.01,10.02,89.94,-59.93,62907.76,9
12999.68,6025.19,10.01,90.1,-59.87,69003.77,9
13000.13,6120.8,9.97,89.95,-59.78,75028.96,9
12998.77,5988.39,9.95,89.99,-60.03,81149.76,9
13000.19,5968.19,9.98,89.84,-59.65,87138.15,9
12999.08,6009.42,10.05,90.04,-59.66,93106.34,9
13000.63,6064.92,9.98,90.06,-59.88,99115.76,9
12999.96,6068.05,9.99,89.48,-60.25,105180.68,9
12999.6,5921.07,10.0,90.12,-60.63,111248.74,9
13000.55,5998.13,9.95,90.38,-59.86,117169.81,9
13000.24,6051.97,10.03,90.17,-60.13,123167.94,9
12999.68,6011.08,10.04,90.12,-59.71,129219.91,9
13000.29,5937.08,10.0,89.94,-60.45,135230.99,9
12999.42,6020.7,9.9,90.0,-59.69,141168.07,9
13000.95,5987.72,9.99,89.97,-59.66,147188.77,9
13000.14,6059.66,9.99,89.66,-59.4,153176.49,9
13000.8,5892.71,10.07,90.4,-60.93,159236.16,9
13000.08,5943.31,10.09,89.95,-60.54,165128.87,9
13001.3,6023.73,9.9,89.93,-60.14,171072.17,9
13000.09,5997.33,10.03,89.89,-60.76,177095.91,9
13000.16,5954.27,10.05,90.03,-60.37,183093.24,9
12999.95,5939.12,10.0,89.91,-60.66,189047.51,9
13000.02,5914.36,10.03,90.11,-59.87,194986.63,9
13000.0,5930.96,10.0,89.76,-59.69,200900.99,9
12999.44,5985.23,9.98,89.94,-60.01,206831.95,9
13000.08,6073.31,10.03,89.78,-59.97,212817.18,9
12999.64,6050.5,9.98,90.42,-60.48,218890.49,9
13000.76,5992.53,9.95,89.9,-59.64,224941.0,9
13000.44,5970.66,10.08,90.47,-60.26,230933.53,9
13000.1,6083.06,9.97,89.54,-60.66,236904.19,9
13000.87,5879.53,9.93,90.29,-60.22,242987.24,9
13000.27,5925.31,10.03,90.17,-60.46,248866.77,9
13000.27,5944.91,10.0,89.62,-59.39,254792.09,9
13000.15,5933.59,10.0,90.4,-59.77,260737.0,9
12999.99,6087.93,9.96,90.12,-60.25,266670.59,9
13000.1,5980.29,9.98,89.94,-59.33,272758.52,9
12999.49,5948.71,10.03,89.9,-58.87,278738.82,9
13001.07,5999.35,9.99,89.96,-60.46,284687.52,9
12999.62,5949.82,9.92,90.21,-59.12,290686.87,9
13000.14,5991.36,10.0,89.77,-60.39,296636.69,9
13000.36,5984.27,10.02,89.94,-60.83,302628.05,9
12999.42,6029.04,10.05,89.87,-59.27,308612.31,9
12999.44,5974.88,9.97,89.72,-59.78,314641.36,9
12999.12,5979.21,10.04,90.17,-60.51,320616.24,9
13000.18,6092.81,9.96,90.12,-60.8,326595.46,9
13000.14,6012.15,9.95,89.87,-59.61,332688.26,9
13000.1,5972.43,10.02,90.1,-60.6,338700.41,9
13000.33,6006.96,10.08,90.18,-59.9,344672.84,9
13000.05,6049.76,9.92,89.77,-59.98,350679.8,9
13000.07,6023.05,10.04,89.93,-59.76,356729.56,9
12999.59,6014.35,9.94,89.86,-58.89,362752.61,9
13000.32,5928.12,9.99,90.22,-59.56,368766.97,9
13000.38,5991.71,9.97,90.3,-60.54,374695.09,9
13000.05,6017.29,10.06,89.97,-59.71,380686.79,9
13000.37,5962.65,9.92,89.89,-59.29,386704.09,9
12999.85,5987.03,9.97,90.07,-59.45,392666.73,9
12999.85,5923.46,10.02,90.05,-61.23,398653.77,9
13000.67,6003.87,10.06,90.41,-60.61,404577.23,9
13000.55,6028.56,9.97,89.99,-60.38,410581.1,9
13000.6,5921.07,10.0,90.19,-59.63,416609.66,9
13000.37,5914.94,10.06,89.78,-59.97,422530.73,9
12999.99,5882.48,10.03,89.75,-60.06,428445.67,9
12999.85,5957.55,9.97,89.67,-61.13,434328.15,9
12999.89,5975.89,10.05,89.89,-60.32,440285.7,9
12999.76,5988.18,10.0,90.11,-60.2,446261.6,9
13001.15,5950.47,10.02,90.21,-59.99,452249.78,9
13000.1,5956.41,9.94,89.78,-59.69,458200.25,9
13000.59,6033.19,10.0,90.14,-60.66,464156.66,9
13000.81,5974.49,9.96,90.09,-60.05,470189.86,9
12999.73,6053.95,10.1,89.94,-59.83,476164.35,9
12999.7,6093.92,10.04,89.92,-60.75,482218.3,9
13000.96,6107.41,10.03,90.05,-59.82,488312.22,9
13000.22,5991.55,10.06,89.81,-59.71,494419.63,9
13000.33,6009.9,9.98,90.02,-59.05,500411.18,9
12999.02,5985.52,10.05,90.19,-60.46,506421.08,9
12999.5,6080.2,9.97,89.91,-60.18,512406.6,9
13000.3,6110.65,10.0,89.89,-60.01,518486.8,9
12999.19,5971.59,9.94,89.98,-60.94,524597.45,9
12999.73,6082.59,9.96,90.13,-59.66,530569.04,9
13000.67,5988.95,10.07,90.23,-59.72,536651.63,9
13001.2,5992.61,10.01,90.31,-60.18,542640.58,9
13001.3,6044.05,9.92,90.23,-60.44,548633.18,9
12999.43,5963.97,9.97,90.05,-60.04,554677.23,9
12999.06,5908.35,9.92,90.0,-60.69,560641.2,9
13000.1,6060.79,10.03,90.05,-60.29,566549.56,9
13000.53,5986.36,9.98,89.84,-60.47,572610.35,9
13000.34,5999.77,10.1,90.15,-60.34,578596.7,9
13000.19,5994.64,9.98,90.11,-59.7,584596.47,9
13000.1,6025.54,10.0,90.02,-60.82,590591.11,9
12999.87,6116.77,10.03,90.09,-59.9,596616.65,9
13000.04,5986.92,10.03,89.96,-60.91,602733.42,9
13000.21,6007.76,9.98,89.78,-60.17,608720.34,9
13000.19,6025.49,9.93,89.87,-59.62,614728.11,9
12999.81,6111.23,10.08,89.74,-60.72,620753.6,9
12999.47,6095.17,9.97,90.25,-60.74,626864.83,9
13000.3,6135.06,10.03,90.05,-60.02,632960.01,9
12999.77,6078.33,10.07,90.19,-60.79,639095.06,9
12999.46,6144.82,10.08,90.05,-60.57,645173.39,9
13000.5,5962.58,9.93,89.97,-59.95,651318.22,9
12999.54,6074.17,9.94,90.04,-60.05,657280.8,9
13000.15,6067.84,9.99,89.92,-61.3,663354.96,9
13000.36,5991.35,9.99,90.13,-59.74,669422.8,9
12999.11,5998.88,9.99,89.61,-59.96,675414.15,9
13000.66,6000.4,10.02,90.09,-59.12,681413.03,9
12999.23,5994.81,10.03,90.34,-59.97,687413.44,9
12999.57,6074.71,10.04,90.07,-59.96,693408.25,9
12999.51,5981.56,10.03,90.01,-60.07,699482.96,9
13000.5,5885.57,10.02,89.92,-59.11,705464.52,9
12999.38,5976.65,9.92,89.99,-59.89,711350.09,9
13000.16,5992.13,10.01,89.76,-59.77,717326.74,9
13000.74,6088.26,10.06,89.79,-61.1,723318.87,9
12999.5,5996.69,9.91,89.6,-59.45,729407.13,9
13000.52,6052.25,9.95,89.93,-59.37,735403.81,9
12999.7,5974.71,9.98,89.96,-60.12,741456.06,9
12999.55,5960.51,9.97,89.89,-59.16,747430.78,9
12999.68,6090.98,9.98,89.78,-60.45,753391.28,9
12999.29,6032.47,9.91,89.98,-59.33,759482.26,9
12999.78,5986.3,10.02,89.96,-60.23,765514.73,9
13000.53,6020.81,9.94,89.64,-60.35,771501.03,9
13000.31,6043.32,9.95,90.49,-58.85,777521.85,9
13000.01,5952.16,10.01,90.19,-60.41,783565.17,9
13000.08,6014.3,10.09,89.88,-60.31,789517.33,9
13000.43,5974.68,10.08,89.93,-59.5,795531.62,9
12999.09,5912.87,9.98,90.22,-59.8,801506.3,9
12999.89,5946.67,9.99,90.26,-59.99,807419.17,9
13000.62,5939.89,10.02,89.83,-60.43,813365.83,9
13000.52,5988.04,10.03,89.98,-59.73,819305.72,9
13000.17,6012.23,9.94,89.86,-59.76,825293.76,9
12999.47,6051.28,9.97,90.22,-59.44,831305.99,9
12999.76,6064.1,9.98,90.1,-60.03,837357.27,9
13500.17,6505.86,9.99,90.3,-60.4,2545.89,10
13499.08,6479.92,9.98,90.25,-59.57,9051.75,10
13499.89,6512.54,10.01,90.21,-59.47,15531.67,10
13499.73,6528.46,10.02,90.07,-60.06,22044.21,10
13500.01,6510.26,9.93,90.16,-60.46,28572.67,10
13499.39,6530.56,10.0,90.13,-59.48,35082.94,10
13499.77,6485.49,9.9,89.75,-60.07,41613.49,10
13499.89,6458.54,9.96,89.74,-59.41,48098.98,10
13499.52,6454.62,9.98,89.93,-60.44,54557.52,10
13500.15,6543.54,10.03,90.08,-60.95,61012.13,10
13500.22,6456.94,10.08,89.96,-59.46,67555.67,10
13499.7,6607.34,10.0,90.01,-59.96,74012.62,10
13501.15,6485.93,10.0,89.92,-60.42,80619.96,10
13499.48,6447.3,9.91,90.03,-59.56,87105.89,10
13500.12,6496.59,10.0,89.85,-59.19,93553.19,10
13500.14,6517.74,10.06,90.1,-59.78,100049.78,10
13499.37,6447.42,9.94,90.08,-61.24,106567.53,10
13499.87,6525.94,10.0,90.27,-59.88,113014.95,10
13500.0,6543.48,9.98,89.75,-59.59,119540.89,10
13499.08,6636.93,10.09,89.99,-60.97,126084.37,10
13500.64,6504.42,9.94,90.23,-59.34,132721.31,10
13500.69,6412.91,10.06,90.29,-59.81,139225.73,10
13500.27,6511.25,10.06,90.22,-59.57,145638.64,10
13499.76,6488.79,9.91,90.16,-60.28,152149.89,10
13500.28,6436.33,10.06,89.82,-58.51,158638.68,10
13499.9,6459.6,10.0,89.86,-59.86,165075.01,10
13499.86,6505.67,10.02,90.0,-59.27,171534.61,10
13499.72,6545.26,10.02,90.1,-60.1,178040.28,10
13499.81,6465.53,9.91,89.65,-60.16,184585.54,10
13499.68,6537.67,9.92,90.01,-60.09,191051.06,10
13499.88,6468.71,10.02,90.0,-59.77,197588.73,10
13499.79,6556.21,9.93,90.08,-59.66,204057.44,10
13500.1,6499.36,9.91,90.17,-59.31,210613.65,10
13499.52,6549.32,10.01,90.24,-60.29,217113.01,10
13499.78,6588.15,10.03,90.12,-59.52,223662.33,10
13500.27,6513.99,9.96,90.18,-59.97,230250.48,10
13500.36,6532.58,9.9,89.94,-60.11,236764.47,10
13499.45,6558.74,9.9,90.27,-59.58,243297.05,10
13499.9,6495.17,10.05,90.13,-60.38,249855.79,10
13499.54,6420.87,10.01,89.66,-60.01,256350.96,10
13499.62,6347.74,10.0,90.02,-59.43,262771.83,10
13499.96,6509.3,9.98,89.92,-59.9,269119.57,10
13499.55,6495.11,10.0,89.84,-59.06,275628.86,10
13499.92,6483.32,9.98,90.45,-59.74,282123.97,10
13499.84,6533.53,9.9,90.31,-60.2,288607.29,10
13499.97,6532.65,9.97,90.33,-59.87,295140.82,10
13499.42,6642.13,9.92,89.83,-60.24,301673.47,10
13499.86,6444.82,9.95,90.13,-60.59,308315.6,10
13499.88,6467.53,10.01,90.06,-60.75,314760.42,10
13499.95,6495.9,10.03,90.06,-59.18,321227.95,10
13499.9,6423.13,9.88,89.75,-59.94,327723.85,10
13498.73,6477.19,10.01,90.21,-59.63,334146.98,10
13500.44,6558.67,9.93,90.12,-60.07,340624.17,10
13500.02,6489.92,10.0,89.98,-59.88,347182.84,10
13499.58,6389.32,9.99,90.01,-59.97,353672.76,10
13500.48,6573.49,9.99,90.11,-60.05,360062.07,10
13500.21,6471.23,10.03,89.97,-60.07,366635.56,10
13500.22,6480.42,10.0,90.16,-59.85,373106.8,10
13500.37,6517.36,9.87,90.08,-59.88,379587.22,10
13500.3,6437.86,9.89,89.76,-59.6,386104.58,10
13500.22,6576.52,10.01,90.14,-59.76,392542.44,10
13499.56,6529.84,9.93,90.23,-60.33,399118.96,10
13500.44,6482.44,10.09,89.96,-60.66,405648.8,10
13500.14,6317.46,9.99,89.78,-60.56,412131.24,10
13499.86,6381.33,9.96,90.02,-60.9,418448.71,10
13500.05,6477.34,10.05,90.0,-60.15,424830.04,10
13499.55,6350.29,9.99,90.34,-60.14,431307.38,10
13500.33,6473.15,10.01,90.1,-59.55,437657.67,10
13500.83,6448.69,10.05,90.04,-60.21,444130.82,10
13499.72,6490.77,10.01,90.01,-59.7,450579.51,10
13498.76,6495.0,10.07,90.3,-60.04,457070.28,10
13499.94,6397.82,9.98,89.95,-60.28,463565.27,10
13499.41,6499.43,9.98,89.76,-59.36,469963.1,10
13500.12,6526.72,10.04,90.04,-60.18,476462.52,10
13500.18,6392.86,9.98,90.02,-60.02,482989.24,10
13500.04,6528.44,10.1,90.08,-60.3,489382.1,10
13500.65,6383.09,10.01,90.44,-60.84,495910.53,10
13500.26,6525.16,9.91,89.9,-60.25,502293.62,10
13500.88,6547.4,9.92,89.7,-59.77,508818.78,10
13499.19,6529.47,10.04,90.38,-59.77,515366.18,10
13499.49,6460.37,9.98,89.91,-59.81,521895.65,10
13499.75,6430.59,10.0,90.09,-59.92,528356.02,10
13499.65,6524.1,9.95,90.06,-60.11,534786.61,10
13499.87,6398.48,9.93,90.12,-59.89,541310.71,10
13500.17,6539.24,9.99,90.07,-59.63,547709.19,10
13499.68,6533.44,10.01,90.28,-59.16,554248.43,10
13499.95,6472.85,10.08,89.97,-59.72,560781.87,10
13499.01,6450.89,9.96,90.12,-60.07,567254.72,10
13500.39,6597.5,10.05,90.21,-60.65,573705.61,10
13500.87,6609.45,9.94,90.19,-60.1,580303.12,10
13499.42,6387.88,10.02,89.67,-60.34,586912.56,10
13500.61,6510.68,9.97,90.03,-60.48,593300.44,10
13500.26,6521.19,9.92,90.14,-59.76,599811.13,10
13499.83,6567.57,9.96,90.03,-59.35,606332.31,10
13499.75,6479.3,10.05,90.13,-59.88,612899.89,10
13500.54,6465.81,10.01,90.2,-60.11,619379.19,10
13499.81,6503.11,10.11,89.79,-59.36,625845.0,10
13500.45,6544.77,9.94,89.81,-60.06,632348.11,10
13498.8,6490.51,9.97,90.0,-60.55,638892.88,10
13498.94,6502.68,10.0,89.68,-59.66,645383.39,10
13500.17,6594.13,9.95,90.26,-59.85,651886.07,10
13499.42,6551.86,9.99,89.84,-59.49,658480.2,10
13500.0,6401.3,10.02,90.11,-59.78,665032.07,10
13500.25,6494.08,9.93,89.99,-59.5,671433.36,10
13500.2,6487.96,10.1,89.88,-60.28,677927.44,10
13499.22,6507.34,10.09,90.05,-59.94,684415.4,10
13500.49,6510.54,10.06,89.88,-59.33,690922.74,10
13499.28,6544.82,10.02,89.86,-60.52,697433.28,10
13499.66,6509.58,10.05,90.16,-59.47,703978.1,10
13499.85,6644.31,10.0,89.73,-60.19,710487.69,10
13499.83,6528.52,9.92,89.91,-60.48,717132.0,10
13499.61,6444.24,10.06,90.04,-60.83,723660.52,10
13500.26,6468.53,9.99,90.13,-60.02,730104.75,10
13500.77,6416.51,9.95,90.0,-60.43,736573.29,10
13499.8,6543.32,9.97,89.85,-60.44,742989.8,10
13500.06,6562.66,10.0,89.79,-60.28,749533.11,10
13500.73,6385.54,9.99,89.96,-59.63,756095.77,10
13499.72,6534.82,9.95,90.07,-60.87,762481.31,10
13499.5,6508.56,9.99,89.95,-59.87,769016.12,10
13500.28,6454.27,10.04,90.23,-60.61,775524.69,10
13501.02,6561.16,10.0,89.68,-59.95,781978.96,10
13500.5,6558.33,10.01,89.59,-59.64,788540.11,10
13499.46,6617.1,9.99,89.85,-59.62,795098.44,10
13499.78,6620.55,9.99,90.03,-59.74,801715.54,10
13500.12,6513.79,9.9,89.89,-59.76,808336.09,10
13500.89,6449.78,9.98,90.14,-58.78,814849.89,10
13499.51,6511.47,9.94,89.84,-59.87,821299.66,10
13500.93,6527.36,10.03,90.21,-59.53,827811.13,10
13499.66,6506.17,9.98,89.54,-58.95,834338.49,10
13499.71,6494.8,10.01,89.99,-59.94,840844.66,10
13499.92,6515.68,10.02,90.36,-59.1,847339.46,10
13500.15,6467.8,9.98,90.19,-60.66,853855.15,10
13499.98,6528.42,10.02,89.84,-60.35,860322.95,10
13499.77,6531.57,10.0,89.8,-60.88,866851.37,10
13499.87,6498.02,10.03,89.93,-59.98,873382.94,10
13499.8,6513.1,10.02,89.78,-60.16,879880.97,10
13499.95,6457.76,10.01,89.73,-59.26,886394.06,10
13500.58,6530.49,10.06,89.71,-60.22,892851.82,10
13500.09,6590.98,9.95,90.12,-60.46,899382.31,10
13499.74,6608.3,10.03,89.89,-60.36,905973.29,10
